Timestamp,LogLevel,Message,
19-12-2024 14:28,ERROR,Error during log processing: [Errno 2] No such file or directory,
19-12-2024 14:29,INFO,Starting log processing for dataset X,
19-12-2024 14:29,DEBUG,Loading configuration settings from config.yaml,
19-12-2024 14:29,INFO,Connection to database established successfully,
19-12-2024 14:30,WARNING,Disk space running low,
19-12-2024 14:30,DEBUG,Cache initialized with 256 MB,
19-12-2024 14:30,WARNING,Memory usage exceeds threshold: 85%,
19-12-2024 14:31,ERROR,File not found: large_log_file.txt,
19-12-2024 14:31,INFO,Processing file: log_file_part_1.txt,
19-12-2024 14:31,DEBUG,Parsing entry 1024 of 20000,
19-12-2024 14:32,INFO,Backup operation started for dataset Y,
19-12-2024 14:32,INFO,Log parsing completed successfully,
19-12-2024 14:33,DEBUG,Compression of backup data in progress,
19-12-2024 14:33,WARNING,Network latency detected: 250ms,
19-12-2024 14:34,INFO,Task scheduler initialized with 5 active tasks,
19-12-2024 14:34,ERROR,Failed to connect to API endpoint: timeout,
19-12-2024 14:34,DEBUG,Retrying connection to API endpoint,
19-12-2024 14:35,INFO,Connection to API endpoint restored,
19-12-2024 14:35,DEBUG,Indexed 5000 entries in 2 seconds,
19-12-2024 14:36,WARNING,High CPU usage detected: 95%,
19-12-2024 14:36,ERROR,Unable to write to disk: insufficient permissions,
19-12-2024 14:36,INFO,Cleanup process initiated for temporary files,
19-12-2024 14:37,DEBUG,Temporary files count: 1243,
19-12-2024 14:37,INFO,Cleanup process completed,
19-12-2024 14:38,WARNING,Deprecated API function called: getOldData(),
19-12-2024 14:38,ERROR,Database query failed: syntax error at line 42,
19-12-2024 14:39,INFO,Database reconnected after failure,
19-12-2024 14:39,DEBUG,Rebuilding search index,
19-12-2024 14:39,INFO,Search index rebuild completed successfully,
19-12-2024 14:40,WARNING,Excessive retries detected in operation XYZ,
19-12-2024 14:40,DEBUG,Fetching data from remote server,
19-12-2024 14:40,ERROR,Remote server unavailable: 503 Service Unavailable,
19-12-2024 14:41,INFO,Queued operation for retry,
19-12-2024 14:41,DEBUG,Operation retry initiated,
19-12-2024 14:42,INFO,Operation completed successfully on retry,
19-12-2024 14:42,WARNING,Disk space at critical level: 99%,
19-12-2024 14:43,INFO,Scheduled maintenance started for server X,
19-12-2024 14:43,DEBUG,Archiving logs older than 30 days,
19-12-2024 14:44,INFO,Archive operation completed successfully,
19-12-2024 14:44,WARNING,Low memory for application Y,
19-12-2024 14:44,ERROR,Application Y crashed: OutOfMemoryError,
19-12-2024 14:45,INFO,Restarting application Y,
19-12-2024 14:45,DEBUG,Application Y initialization complete,
19-12-2024 14:46,INFO,Monitoring services back online,
19-12-2024 14:46,WARNING,Configuration file missing: defaults.cfg,
19-12-2024 14:47,ERROR,Service restart failed: missing dependency,
19-12-2024 14:47,DEBUG,Downloading missing dependency,
19-12-2024 14:48,INFO,Dependency installed successfully,
19-12-2024 14:48,INFO,All systems operational,
19-12-2024 14:49,DEBUG,System performance metrics: CPU=45%, Memory=67%
19-12-2024 14:49,WARNING,Unusual traffic pattern detected,
19-12-2024 14:50,INFO,Investigation started for traffic anomaly,
