timestamp,level,message,ip_addresses,error_codes
"2024-12-19 14:22:31","ERROR","Packet loss detected between Node A and Node B.","192.168.1.1","E123"
"2024-12-19 14:25:12","WARNING","High latency observed in region X.","192.168.2.3",""
"2024-12-19 14:30:45","INFO","Network maintenance scheduled for tomorrow at 3 PM.","",""
"2024-12-19 14:32:12","ERROR","Connection timeout while connecting to remote server.","10.0.0.5","ERR_503"
"2024-12-19 14:35:59","INFO","Node C successfully reconnected to the network.","192.168.3.8",""
"2024-12-19 14:45:00","ERROR","Network interface down on Node D.","192.168.2.8","E404"
"2024-12-19 14:48:23","WARNING","Dropped packets observed between Gateway X and Router Y.","192.168.1.10",""
"2024-12-19 15:00:00","ERROR","Outage detected in Region Z.","192.168.10.2","ERR_503"
"2024-12-19 15:10:00","INFO","Routine network performance check completed successfully.","",""
"2024-12-19 15:15:30","WARNING","High load detected on server Node F.","192.168.0.1",""
"2024-12-19 15:20:45","ERROR","Authentication failure during login attempt.","192.168.1.15","E401"
"2024-12-19 15:22:30","INFO","Bandwidth usage on Node A has stabilized.","192.168.1.1",""
"2024-12-19 15:30:00","ERROR","DNS resolution failure detected.","192.168.4.7","ERR_DNS"
"2024-12-19 15:45:00","WARNING","Low memory warning on Router Y.","192.168.5.9",""
"2024-12-19 15:50:10","INFO","Router X rebooted successfully.","192.168.6.4",""
"2024-12-19 16:00:30","ERROR","Packet drop on server Node G.","192.168.1.10","E503"
"2024-12-19 16:05:25","WARNING","Network congestion reported in Data Center 3.","192.168.7.2",""
"2024-12-19 16:15:40","INFO","System update completed on Node B.","",""
"2024-12-19 16:20:55","ERROR","Firewall error detected on Gateway A.","10.0.1.2","E550"
"2024-12-19 16:30:00","INFO","High availability mode enabled for Node D.","192.168.3.15",""
